Item,Part number,ID
1,PRT-0085,W001
2,PRT-0089,W002
3,PRT-0090,W003
4,PRT-0091,W004
5,PRT-0086,W005
6,PRT-0092,W006
7,PRT-0093,W007
8,PRT-0104,W008
9,PRT-0105,W009
10,PRT-0106,W010
11,PRT-0107,W011
12,PRT-0094,W012
13,PRT-0108,W013
14,PRT-0109,W014
15,PRT-0110,W015
16,PRT-0111,W016
17,PRT-0127,W017
18,PRT-0128,W018
19,PRT-0112,W019
20,PRT-0113,W020
21,PRT-0087,W021
22,PRT-0088,W022
23,PRT-0114,W023
24,PRT-0115,W024
25,PRT-0116,W025
26,PRT-0117,W027
27,PRT-0118,W028
28,PRT-0123,W029
29,PRT-0124,W030
30,PRT-0119,W031
31,PRT-0125,W032
32,PRT-0126,W033
33,PRT-0120,W034
34,PRT-0129,W035
35,PRT-0130,W036
36,PRT-0131,W037
37,PRT-0132,W038